Date,Butt1_Larvae_N_L1/2,Butt1_Larvae_N_L3/4,Butt1_Larvae_E_L1/2,Butt1_Larvae_E_L3/4,Butt1_Larvae_S_L1/2,Butt1_Larvae_S_L3/4,Butt1_Larvae_W_L1/2,Butt1_Larvae_W_L3/4,Butt1_Larvae_Total_L1/2,Butt1_Larvae_Total_L3/4,Butt1_Pupae_N,Butt1_Pupae_E,Butt1_Pupae_S,Butt1_Pupae_W,Butt1_Pupae_Total,Butt2_Larvae_N_L1/2,Butt2_Larvae_N_L3/4,Butt2_Larvae_E_L1/2,Butt2_Larvae_E_L3/4,Butt2_Larvae_S_L1/2,Butt2_Larvae_S_L3/4,Butt2_Larvae_W_L1/2,Butt2_Larvae_W_L3/4,Butt2_Larvae_Total_L1/2,Butt2_Larvae_Total_L3/4,Butt2_Pupae_N,Butt2_Pupae_E,Butt2_Pupae_S,Butt2_Pupae_W,Butt2_Pupae_Total,Butt3_Larvae_N_L1/2,Butt3_Larvae_N_L3/4,Butt3_Larvae_E_L1/2,Butt3_Larvae_E_L3/4,Butt3_Larvae_S_L1/2,Butt3_Larvae_S_L3/4,Butt3_Larvae_W_L1/2,Butt3_Larvae_W_L3/4,Butt3_Larvae_Total_L1/2,Butt3_Larvae_Total_L3/4,Butt3_Pupae_N,Butt3_Pupae_E,Butt3_Pupae_S,Butt3_Pupae_W,Butt3_Pupae_Total,Butt4_Larvae_N_L1/2,Butt4_Larvae_N_L3/4,Butt4_Larvae_E_L1/2,Butt4_Larvae_E_L3/4,Butt4_Larvae_S_L1/2,Butt4_Larvae_S_L3/4,Butt4_Larvae_W_L1/2,Butt4_Larvae_W_L3/4,Butt4_Larvae_Total_L1/2,Butt4_Larvae_Total_L3/4,Butt4_Pupae_N,Butt4_Pupae_E,Butt4_Pupae_S,Butt4_Pupae_W,Butt4_Pupae_Total
08/04/2015,,,,,,,,,0,,,,,,0,,,,,,,,,0,,,,,,0,,,,,,,,,0,,,,,,0,,,,,,,,,0,,,,,,0
10/04/2015,,,,,,,,,0,,,,,,0,,,,,,,,,0,,,,,,0,,,,,,,,,0,,,,,,0,,,,,,,,,0,,,,,,0
13/04/2015,,,,,,,,,0,,,,,,0,,,,,,,,,0,,,,,,0,,,,,,,,,0,,,,,,0,,,,,,,,,0,,,,,,0
15/04/2015,,,,,,,,,254,0,,,,,0,,,,,,,,,701,0,,,,,0,,,,,,,,,85,0,,,,,0,,,,,,,,,534,0,,,,,0
17/04/2015,,,,,,,,,369,0,,,,,0,,,,,,,,,942,29,,,,,0,,,,,,,,,101,0,,,,,0,,,,,,,,,575,0,,,,,0
20/04/2015,428,2,106,2,30,0,65,5,629,9,0,0,0,0,0,594,79,127,14,163,17,269,39,1153,149,0,0,0,0,0,55,0,22,0,21,0,38,0,136,0,0,0,0,0,0,99,7,112,17,236,8,163,18,610,50,0,0,0,0,0
23/04/2015,268,15,117,9,61,4,330,14,776,42,0,0,0,0,0,1387,178,258,105,174,136,92,119,1911,538,0,0,0,0,0,730,13,50,0,621,47,1099,6,2500,66,0,0,0,0,0,304,30,153,145,835,295,1306,191,2598,661,0,0,0,0,0
24/04/2015,77,1,212,20,174,1,63,12,526,34,0,0,0,0,0,272,57,265,75,124,15,433,91,1094,238,0,0,0,0,0,435,2,953,11,1561,18,611,21,3560,52,0,0,0,0,0,633,143,815,221,476,51,541,186,2465,601,0,0,0,0,0
27/04/2015,4388,166,1879,344,2764,160,1608,139,10639,809,0,3,0,0,3,1839,144,1780,212,4774,109,1956,276,10349,741,0,1,4,4,9,3895,139,1658,128,16301,255,5363,153,27217,675,0,0,0,0,0,5147,214,3337,463,2640,354,3052,807,14176,1838,0,0,0,0,0
29/04/2015,200,242,551,676,1815,4028,1133,988,3699,5934,2,8,7,3,20,513,315,682,318,1031,735,189,178,2415,1546,0,7,38,5,50,1703,465,2252,927,1014,326,1037,385,6006,2103,0,1,0,0,1,113,206,38,126,522,445,3571,1493,4244,2270,0,0,0,0,0
01/05/2015,808,1042,652,1210,200,558,255,499,1915,3309,1,2,12,8,23,822,565,405,266,195,230,1608,657,3030,1718,36,6,24,13,79,1319,446,702,263,1754,625,1455,361,5230,1695,0,0,0,0,0,451,239,166,70,444,254,441,204,1502,767,7,1,1,1,10
04/05/2015,90,76,306,212,1531,365,265,96,2192,749,9,10,19,1,39,140,110,225,184,2525,804,339,261,3229,1359,49,39,184,24,296,906,674,768,647,1063,342,372,518,3109,2181,5,8,3,2,18,148,116,727,549,526,356,248,288,1649,1309,13,12,12,6,43
06/05/2015,102,175,188,166,156,468,271,339,717,1148,21,5,9,18,53,325,390,183,217,147,251,164,500,819,1358,117,82,54,48,301,303,545,188,1044,280,266,625,441,1396,2296,12,21,15,7,55,281,404,393,414,252,372,114,402,1040,1592,46,37,11,17,111
08/05/2015,377,462,557,514,397,624,415,369,1746,1969,11,13,27,17,68,182,234,187,209,174,472,171,531,714,1446,50,20,74,86,230,566,516,133,807,657,436,534,536,1890,2295,34,39,24,54,151,343,623,169,197,209,238,274,400,995,1458,12,173,31,60,276
11/05/2015,51,106,78,147,286,1309,14,44,429,1606,8,9,15,3,35,171,289,306,394,1051,266,163,1014,1691,1963,13,12,45,8,78,263,263,247,113,183,105,302,277,995,758,8,5,4,5,22,88,207,94,250,244,487,92,244,518,1188,42,33,155,46,276
13/05/2015,43,171,34,195,229,554,241,1104,547,2024,0,5,134,114,253,101,224,125,201,1428,394,346,324,2000,1143,6,5,69,31,111,463,196,312,162,401,150,372,175,1548,683,11,17,3,7,38,325,305,203,270,403,286,128,82,1059,943,6,4,9,5,24
15/05/2015,23,33,23,31,45,120,159,340,250,524,2,2,5,3,12,60,27,134,62,645,426,315,142,1154,657,4,2,3,2,11,329,184,217,133,270,134,382,175,1198,626,4,0,3,2,9,10,9,52,36,237,156,115,70,414,271,3,4,2,2,11
18/05/2015,32,61,15,51,10,27,12,151,69,290,1,3,1,2,7,123,116,115,126,153,261,130,178,521,681,2,3,3,4,12,235,203,193,150,364,382,401,230,1193,965,4,4,6,0,14,146,75,30,15,157,79,98,40,431,209,0,1,0,0,1
20/05/2015,0,5,2,4,7,5,7,25,16,39,0,0,1,2,3,52,52,26,36,120,178,121,109,319,375,1,0,4,0,5,67,54,167,55,81,50,150,123,465,282,1,2,1,3,7,116,21,465,122,99,29,20,3,700,175,0,2,1,1,4
22/05/2015,5,27,1,5,6,55,2,10,14,97,0,0,1,0,1,86,135,18,47,171,147,30,49,305,378,3,0,4,0,7,58,81,41,47,68,65,45,36,212,229,1,1,0,0,2,94,78,27,29,12,10,17,12,150,129,0,0,0,0,0
26/05/2015,57,2,34,0,65,1,165,1,321,4,1,1,2,1,5,42,86,15,26,34,61,62,42,153,215,0,0,0,0,0,26,68,41,22,84,159,121,79,272,328,3,0,4,2,9,34,49,5,29,2,23,8,10,49,111,1,2,0,0,3
29/05/2015,41,7,51,7,105,39,76,13,273,66,0,0,4,1,5,20,3,39,10,25,7,10,8,94,28,0,0,0,0,0,79,73,18,11,190,63,165,100,452,247,6,2,17,8,33,16,5,32,8,130,14,15,6,193,33,0,3,0,0,3
01/06/2015,44,124,35,36,1332,1643,19,48,1430,1851,0,0,2,0,2,27,18,30,7,24,20,521,313,602,358,0,0,0,4,4,204,57,65,14,193,52,234,49,696,172,3,0,2,3,8,17,7,27,10,134,18,75,5,253,40,0,1,0,1,2
03/06/2015,204,129,37,141,968,370,199,344,1408,984,0,0,0,1,1,328,175,19,18,328,175,188,265,863,633,1,2,1,5,9,147,53,167,143,157,71,211,46,682,313,7,7,2,3,19,248,16,163,14,268,36,303,6,982,72,4,6,36,0,46
05/06/2015,179,79,39,71,31,43,213,87,462,280,4,1,1,1,7,25,26,15,35,10,13,209,125,259,199,4,1,1,3,9,140,110,297,135,264,68,793,197,1494,510,1,3,3,2,9,1535,95,126,12,422,72,518,18,2601,197,7,7,5,6,25
08/06/2015,106,222,473,289,60,80,72,41,711,632,22,32,2,9,65,42,26,29,73,95,107,30,15,196,221,0,0,4,1,5,208,103,280,83,359,176,636,100,1483,462,11,5,10,2,28,406,38,45,39,95,108,2843,147,3389,332,0,0,1,3,4
10/06/2015,619,267,28,29,32,22,31,11,710,329,19,2,1,0,22,114,11,15,26,33,14,90,23,252,74,3,0,1,2,6,46,72,420,481,168,332,569,51,1203,936,6,23,5,2,36,30,10,238,30,586,246,2075,509,2929,795,0,0,1,1,2
12/06/2015,100,89,62,43,22,18,32,12,216,162,12,9,0,4,25,76,36,17,15,30,15,17,16,140,82,6,2,1,1,10,17,83,25,39,99,117,436,235,577,474,3,6,12,8,29,210,57,288,28,1318,415,1466,902,3282,1402,1,0,3,0,4
15/06/2015,141,154,304,44,30,9,50,30,525,237,11,22,5,9,47,12,9,58,38,20,39,19,10,109,96,0,8,1,0,9,125,204,76,177,230,78,248,204,679,663,14,11,21,26,72,1189,109,1652,226,3710,1128,626,94,7177,1557,11,16,28,5,60
17/06/2015,60,32,88,70,462,281,286,132,896,515,2,9,26,21,58,18,11,8,8,57,49,58,39,141,107,0,0,6,4,10,162,33,136,94,236,107,461,241,995,475,17,5,28,9,59,5163,820,2201,378,2818,872,2906,475,13088,2545,18,5,13,8,44
19/06/2015,157,75,207,153,76,49,161,136,601,413,4,5,0,15,24,6,10,24,47,12,13,8,17,50,87,1,2,0,1,4,161,144,421,45,224,33,1317,326,2123,548,5,19,8,58,90,2937,405,7573,1521,5725,1201,3738,416,19973,3543,6,34,45,12,97
22/06/2015,64,51,49,53,111,127,161,144,385,375,12,4,8,5,29,8,12,2,8,4,15,5,26,19,61,0,0,0,0,0,197,70,546,42,230,55,487,24,1460,191,4,25,21,15,65,4760,2867,4804,6339,4178,2348,2439,1471,16181,13025,72,90,43,31,236
24/06/2015,26,31,351,426,43,39,42,70,462,566,2,89,4,11,106,6,6,8,5,4,16,9,23,27,50,1,0,0,0,1,92,63,111,25,178,51,422,144,803,283,5,22,14,17,58,862,2054,1786,5505,2658,3978,4592,1614,9898,13151,6,38,32,38,114
26/06/2015,16,10,29,58,44,101,34,92,123,261,4,7,15,26,52,19,2,18,5,55,6,20,17,112,30,1,0,3,4,8,32,25,33,17,613,178,314,116,992,336,13,6,31,28,78,2721,4953,1493,1926,1419,2564,1924,3353,7557,12796,139,102,32,78,351
29/06/2015,2,2,5,23,65,173,48,70,120,268,2,1,67,4,74,9,2,9,1,112,10,55,11,185,24,0,0,0,0,0,85,151,28,28,88,63,249,165,450,407,1,1,12,19,33,1554,1098,1089,335,1061,904,554,725,4258,3062,30,2,4,8,44
01/07/2015,5,2,523,299,3,0,3,0,534,301,1,32,0,3,36,20,6,30,0,117,3,11,2,178,11,2,0,0,0,2,21,87,60,143,43,176,20,93,144,499,6,9,7,2,24,821,875,858,674,2712,5593,1502,1778,5893,8920,33,35,16,12,96
03/07/2015,48,7,36,11,15,7,56,13,155,38,26,0,4,6,36,15,1,230,5,22,0,16,0,283,6,0,0,0,1,1,7,20,67,116,42,285,91,437,207,858,2,25,22,6,55,729,693,2428,977,857,491,689,418,4703,2579,5,5,3,6,19
06/07/2015,18,4,68,2,1569,10,23,4,1678,20,0,0,9,1,10,6,1,15,0,27,0,86,1,134,2,0,0,0,0,0,56,36,167,28,50,9,99,15,372,88,1,4,1,0,6,1542,580,2395,296,2287,944,888,666,7112,2486,10,13,32,19,74
09/07/2015,196,14,43,4,29,3,17,3,285,24,0,1,1,2,4,1,1,0,1,1,0,7,1,9,3,0,0,0,0,0,11,20,2,6,21,6,9,19,43,51,8,1,2,2,13,1901,591,696,882,83,137,1152,508,3832,2118,17,27,11,19,74
13/07/2015,5,2,8,3,16,2,67,9,96,16,0,0,1,18,19,2,1,0,0,0,0,0,2,2,3,0,0,0,0,0,41,7,115,0,104,14,286,5,546,26,0,2,2,11,15,837,204,679,113,852,452,659,168,3027,937,16,7,21,7,51
16/07/2015,9,0,1,1,5,3,0,2,15,6,0,0,0,0,0,0,0,0,0,0,0,0,0,0,0,0,0,0,0,0,2,3,4,2,0,5,4,4,10,14,0,0,0,0,0,155,337,107,383,94,389,107,200,463,1309,24,17,24,21,86
20/07/2015,29,2,74,8,88,4,13,2,204,16,0,1,1,0,2,0,0,0,0,0,1,0,0,0,1,0,0,0,0,0,48,0,12,0,3,0,3,0,66,0,0,0,0,0,0,138,320,303,128,267,169,104,85,812,702,18,17,26,5,66
22/07/2015,18,0,31,2,204,12,98,8,351,22,0,0,0,0,0,0,0,0,0,0,0,0,0,0,0,0,0,0,0,0,0,0,105,1,103,1,93,1,301,3,0,0,0,0,0,784,305,1169,405,417,225,495,363,2865,1298,22,44,23,25,114
24/07/2015,295,7,121,2,155,4,237,5,808,18,0,0,0,0,0,3,0,5,0,8,0,2,0,18,0,0,0,0,0,0,149,0,1,0,111,1,207,1,468,2,0,0,0,0,0,563,755,540,299,755,886,305,471,2163,2411,20,17,60,39,136
27/07/2015,1,0,10,5,3,5,8,2,22,12,0,0,0,0,0,0,0,4,0,0,0,0,0,4,0,0,0,0,0,0,15,1,23,1,24,0,61,0,123,2,0,0,0,0,0,0,212,2,42,6,107,2,136,10,497,16,1,1,13,31
29/07/2015,3,0,3,7,2,2,4,2,12,11,0,1,1,2,4,0,0,6,0,2,0,1,0,9,0,0,0,0,0,0,16,0,47,1,44,1,37,1,144,3,0,0,0,0,0,3,187,7,37,1,71,0,65,11,360,12,1,5,4,22
31/07/2015,4,0,47,5,55,10,41,14,147,29,0,3,4,0,7,1,0,2,1,4,0,0,0,7,1,0,0,0,0,0,12,1,23,6,26,3,8,0,69,10,0,0,0,0,0,4,180,1,116,3,137,3,210,11,643,16,2,9,16,43
03/08/2015,57,1,40,7,1313,53,23,1,1433,62,1,0,9,1,11,5,0,3,0,10,0,13,0,31,0,0,0,0,0,0,53,0,20,8,33,1,113,8,219,17,0,0,0,0,0,77,246,52,34,85,204,81,66,295,550,25,1,10,5,41
05/08/2015,132,3,180,16,139,17,82,2,533,38,0,0,2,0,2,5,0,11,0,1,0,21,0,38,0,0,0,0,0,0,111,9,96,0,84,10,125,9,416,28,0,0,0,0,0,136,41,80,114,172,276,55,42,443,473,7,13,19,7,46
07/08/2015,5,2,11,5,238,31,54,5,308,43,0,0,0,0,0,3,0,9,0,70,2,16,1,98,3,0,0,0,0,0,25,9,49,10,73,6,34,11,181,36,0,0,0,0,0,292,215,155,91,175,75,337,51,959,432,16,4,9,13,42
10/08/2015,3,2,11,7,143,27,3,9,160,45,0,0,3,0,3,1,0,2,0,97,0,1,0,101,0,0,0,0,0,0,19,3,8,3,14,3,22,19,63,28,0,0,0,0,0,159,145,248,50,242,70,287,97,936,362,10,7,22,16,55
12/08/2015,30,2,44,10,39,12,28,5,141,29,0,0,0,0,0,9,1,9,1,69,1,64,0,151,3,0,0,0,0,0,11,7,7,4,5,8,9,23,32,42,0,0,0,0,0,722,197,1021,171,168,81,197,90,2108,539,14,6,12,16,48
14/08/2015,173,33,89,18,36,8,97,36,395,95,5,1,0,0,6,22,2,15,0,11,0,13,1,61,3,0,0,0,0,0,0,5,1,2,1,11,4,21,6,39,0,0,0,0,0,185,75,44,14,135,48,2592,828,2956,965,2,3,3,15,23
17/08/2015,53,90,56,14,36,15,22,12,167,131,2,0,0,0,2,3,0,7,0,6,0,1,1,17,1,0,0,1,0,1,0,5,0,5,2,3,1,11,3,24,0,0,0,0,0,239,386,122,106,397,273,1149,1354,1907,2119,4,0,1,8,13
19/08/2015,48,39,95,40,105,96,183,131,431,306,0,0,0,0,0,6,0,1,1,3,1,3,0,13,2,0,0,0,0,0,0,4,0,3,0,5,1,1,1,13,0,1,0,0,1,301,598,152,124,649,1588,85,106,1187,2416,1,4,8,5,18
21/08/2015,27,20,55,49,131,177,41,34,254,280,0,0,0,0,0,1,2,0,0,0,1,2,2,3,5,0,0,0,0,0,16,6,15,0,7,0,5,0,43,6,0,0,1,0,1,180,499,200,130,841,1277,559,957,1780,2863,1,0,0,1,2
24/08/2015,31,47,27,38,1,9,46,72,105,166,3,1,0,0,4,3,1,2,0,1,0,2,0,8,1,0,0,0,0,0,9,0,7,4,19,4,23,2,58,10,0,0,0,0,0,93,490,55,120,83,230,447,1207,678,2047,0,0,0,3,3
26/08/2015,10,17,15,53,6,14,6,23,37,107,0,1,0,0,1,2,1,2,0,0,1,6,1,10,3,0,0,0,0,0,2,1,0,1,0,1,12,1,14,4,0,0,0,0,0,25,131,17,93,176,1146,32,214,250,1584,4,3,3,5,15
28/08/2015,21,50,27,46,33,90,11,31,92,217,3,0,6,1,10,1,2,0,1,12,1,4,2,17,6,0,0,0,0,0,0,1,0,0,0,1,0,0,0,2,0,0,0,0,0,43,284,65,275,58,351,46,282,212,1192,9,10,15,8,42
01/09/2015,7,38,8,17,57,112,12,27,84,194,2,0,2,0,4,3,1,0,0,0,3,4,7,7,11,0,0,0,0,0,0,0,0,1,0,0,0,0,0,1,0,0,0,0,0,15,300,10,51,12,97,31,546,68,994,24,6,5,94,129
04/09/2015,12,13,22,18,11,17,12,31,57,79,1,1,0,1,3,0,0,2,1,1,3,0,1,3,5,0,0,0,0,0,1,1,0,0,0,0,2,0,3,1,0,0,0,0,0,8,182,11,522,11,122,44,411,74,1237,16,81,13,135,245
07/09/2015,30,24,12,9,80,54,6,1,128,88,0,0,3,0,3,0,1,0,0,0,3,2,1,2,5,0,0,0,0,0,0,1,0,0,0,0,0,0,0,1,0,0,0,0,0,3,86,1,145,10,302,1,26,15,559,6,13,41,10,70
09/09/2015,11,4,6,6,10,2,7,4,34,16,0,0,0,0,0,0,0,0,0,0,1,0,0,0,1,0,0,0,0,0,0,0,0,0,0,0,0,0,0,0,0,0,0,0,0,12,183,7,105,4,46,33,51,56,385,22,29,12,11,74
11/09/2015,59,19,312,22,43,0,22,4,436,45,2,0,0,0,2,0,0,0,2,0,1,0,0,0,3,0,0,0,0,0,0,0,0,0,0,0,0,0,0,0,0,0,0,0,0,11,33,11,84,1,13,210,322,233,452,13,23,5,146,187
14/09/2015,0,0,0,0,0,0,1,0,1,0,0,0,0,0,0,0,0,1,2,0,2,0,0,1,4,1,0,0,0,1,0,0,0,0,0,0,0,0,0,0,0,0,0,0,0,1,20,1,5,201,219,220,220,423,464,5,6,90,76,177
16/09/2015,41,8,28,1,38,1,9,0,116,10,0,0,0,0,0,1,2,0,0,0,1,0,0,1,3,0,0,1,0,1,0,0,0,0,0,0,0,0,0,0,0,0,0,0,0,263,612,10,49,29,74,10,22,312,757,182,31,38,8,259
18/09/2015,43,12,20,5,17,4,39,3,119,24,3,0,0,0,3,0,0,1,3,1,3,1,0,3,6,0,0,0,1,1,0,0,0,0,0,0,0,0,0,0,0,0,0,0,0,11,15,8,16,52,98,118,39,189,168,22,4,95,45,166
21/09/2015,16,8,46,20,18,7,1,1,81,36,0,0,0,0,0,0,2,0,1,4,2,0,2,4,7,0,0,0,0,0,0,0,0,0,0,0,0,0,0,0,0,0,0,0,0,6,26,2,1,16,32,19,49,43,108,10,4,32,8,54
23/09/2015,0,0,1,3,3,4,63,33,67,40,0,0,0,0,0,0,0,0,0,0,2,0,2,0,4,0,0,0,0,0,0,0,0,0,0,0,0,0,0,0,0,0,0,0,0,8,70,0,8,0,16,1,19,9,113,38,2,7,3,50
25/09/2015,0,0,11,13,8,16,2,4,21,33,0,0,0,0,0,0,2,0,0,1,2,0,0,1,4,0,0,0,0,0,,,,,,,,,,,,,,,,0,69,2,50,0,11,0,24,2,154,20,3,1,2,26
28/09/2015,0,2,4,6,4,5,0,1,8,14,0,0,0,0,0,0,3,1,0,0,1,0,0,1,4,0,0,0,0,0,,,,,,,,,,,,,,,,0,6,0,6,0,13,0,2,0,27,0,0,0,0,0
30/09/2015,12,26,2,9,0,2,0,1,14,38,0,0,0,0,0,0,0,0,0,0,2,0,0,0,2,0,0,0,0,0,,,,,,,,,,,,,,,,0,7,0,7,0,1,0,20,0,35,0,0,0,1,1
02/10/2015,8,13,3,2,4,1,0,1,15,17,0,0,0,0,0,0,2,0,0,6,0,0,0,6,2,0,0,0,0,0,,,,,,,,,,,,,,,,0,42,0,3,0,38,0,1,0,84,1,0,7,0,8
05/10/2015,7,15,15,36,0,0,0,1,22,52,0,1,0,0,1,0,0,0,0,32,2,0,0,32,2,0,0,0,0,0,,,,,,,,,,,,,,,,0,19,0,1,0,9,0,1,0,30,6,0,2,2,10
07/10/2015,,,,,,,,,,,,,,,,,,,,,,,,,,,,,,,,,,,,,,,,,,,,,,,,,,,,,,,,,,,,
